,,1 Person Emergency Kit,4 person Duffles,Dynamo Torches,65 piece First Aid,Waterproof Plus - Plain,Premium First Aid Kit,Compact First Aid Kits,Solar Lanterns,Waterproof Solar Torch,Powerbank 10000,Powerbank 15000
Action Safety,+ freight,$80.00,$129.50,,,$29.50,,,,,,
Bunnings,,$80.00,$129.50,,,,,,,,,
Ministry of Social Development,,,,$28.00,,,,$39.10,,,,$45.00
Mitre 10 Petone,+ freight,$78.00,$129.50,$26.50,$12.00,$29.50,$48.00,$31.00,$29.50,$26.50,$38.00,$46.50
Mitre 10 Taupo - Cyclone Pricing,+ freight,,,,,,,,,,$27.50,$35.00
Moore Wilsons,+ freight,$80.00,$129.50,$26.50,,$29.50,$48.00,$31.00,,,,
New World,+ freight,$80.00,$135.00,$27.50,,$31.50,$50.00,$33.00,$31.50,$27.50,$38.00,$46.50
NZ Safety Blackwoods,+ freight,$75.00,$121.50,,,,,,,,,
NZ Safety Blackwoods - over 50 price,+ freight,$74.00,$118.50,$26.50,,,,,,,,$42.00
Pharmacy Direct,+ freight,$78.00,$129.50,$26.50,$12.00,$29.50,$48.00,$31.00,$29.50,$26.50,,
Seamless Solutions,,$69.00,$123.00,,$10.00,$27.00,$45.00,$31.00,$29.00,$22.00,,
WREMO,+ freight,$84.00,$144.00,,,,,,,,,
